{
  "assetsByChunkName": {
    "vendors~app-account~app-confirmation~app-order": "chunk.902f0c2777409b3b6675.js",
    "vendors~app-account~app-checkout": "chunk.7acd4477637db1e3e79e.js",
    "admin": [
      "admin.98cb39b3524a64ce032a.js",
      "admin.98cb39b3524a64ce032a.js.map"
    ],
    "app-account": "chunk.ceba2d8f0c1c4e695c70.js",
    "app-cart": "chunk.e87ce51988970479fc22.js",
    "app-checkout": "chunk.6ff1ad617063d6921fab.js",
    "app-confirmation": "chunk.fc0006bfe54e7a1da6ae.js",
    "checkout": [
      "checkout.c592729e481a76cd5fbc.js",
      "checkout.c592729e481a76cd5fbc.js.map"
    ],
    "storefront": [
      "storefront.3b898701d46f778e9110.css",
      "storefront.6fdca917ec43c9b821cf.js",
      "storefront.3b898701d46f778e9110.css.map",
      "storefront.6fdca917ec43c9b821cf.js.map"
    ],
    "vendors~app-cart": "chunk.4e20310e3cfee6932036.js",
    "vendors~app-checkout": "chunk.19ea2c6f6357237149af.js",
    "vendors~app-order": "chunk.0479cd741255f498dba7.js"
  }
}