{
    "title": "Couple Tips",
    "body": "Here we provide our indications of stays and restaurants.",
    "sections": [
      {
        "type": "page-title",
        "title": "Recommendations"
      },
      {
        "type": "breadcrumbs",
        "enabled": true
      },
      {
        "type": "extra-page",
        "enabled": true
      },
      {
        "type": "custom-content",
        "markdown": "# **Stays**\n\n1. Ibis\n2. Hotel Constantino \n3. Trade Hotel JF (o mais próximo do evento)\n4. Ritz Plaza Hotel\n5. Cesar Inn Juiz de Fora Hotel.\n\n# **The Food**\n\n1. Berttus\n2. Milos \n3. Coxinha da Pipita\n4. Empada Mineira\n5. Boucan\n6. Los Dos\n7. Vizu\n8. Tartarugão\n9. CapJack Pizza\n10. The Dogs \n\n# **International Guests**\n\n1. The closest International Airport is in Rio de Janeiro - Galeão International Airport\n2. From the airport, there are two main options, drive to Juiz de Fora or travel by bus"
      }
    ]
  }
