{
  "meta_title": "Laura e Igor",
  "meta_description": "Casamento",
  "sections": [
    {
      "type": "banner-slider",
      "autoplay": 9000,
      "full_width": false,
      "slides": [
        {
          "start": "2022-06-25T20:51:44.659Z",
          "img": "/img/uploads/0f9b1359-3953-4be5-afa4-c386e2f9f45c.jpg",
          "end": "2023-05-31T20:50:55.787Z"
        }
      ]
    },
    {
      "type": "custom-content",
      "markdown": "This website was made to share with you the details of our wedding. \n\nWe are thrilled and would love to have everyone's presence in our big day! \n\nHere you'll also find recommendations to hotels and restaurants. \n\nIt's important for you to RSVP, so follow the instructions you've received via text or email. \n\nWe'll be waiting for you to celebrate our big day with us!"
    },
    {
      "type": "responsive-banner",
      "img": "/img/uploads/screen-shot-2022-08-19-at-21.58.32.png"
    },
    {
      "type": "custom-html",
      "html": "<div id=\"countdown\">\n  <p id=\"done\"></p>\n  <ul>\n    <li><span id=\"days\">0</span> Days</li>\n    <li><span id=\"hours\">0</span> Hours</li>\n    <li><span id=\"minutes\">0</span> Minutes</li>\n    <li><span id=\"seconds\">0</span> Seconds</li>\n  </ul>\n</div>\n<style>\n  #countdown {\n  display: flex;\n  align-items: center;\n  justify-content: center;\ntext-align: center;\n  margin: 0;\n  padding: 0;\n}\n\n#countdown ul {\n  display: flex;\n  list-style: none;\n  margin: 0;\n  padding: 0;\n  margin-top: 2rem;\n}\n#countdown ul li {\n  border-radius: 100%;\n  padding: .5rem;\n  display: flex;\n  flex-direction: column;\n  margin: 0 0.5rem;\n  color: #000000;\n}\n#countdown ul li span {\n  font-size: 2rem;\n}\n</style>\n<script>\n  const end = new Date(\"April 30, 2023 16:00:00\").getTime();\nconst dayEl = document.getElementById('days');\nconst hoursEl = document.getElementById('hours');\nconst minutesEl = document.getElementById('minutes');\nconst secondsEl = document.getElementById('seconds');\nconst seconds = 1000;\nconst minutes = seconds * 60;\nconst hours = minutes * 60;\nconst days = hours * 24;\n\nconst x = setInterval(function () {\n  let now = new Date().getTime();\n  const difference = end - now;\n  \n  if (difference < 0) {\n    clearInterval(x);\n    document.getElementById(\"done\").innerHTML = \"Estamos nos Casando!! 🎉\";\n    return;\n  }\n    \n  dayEl.innerText = Math.floor(difference / days);\n  hoursEl.innerText = Math.floor( (difference % days) / hours );\n  minutesEl.innerText = Math.floor( (difference % hours) / minutes );\n  secondsEl.innerText = Math.floor( (difference % minutes) / seconds );  \n}, seconds);\n\n  </script>"
    },
    {
      "type": "banner-slider",
      "autoplay": 9000,
      "full_width": false,
      "slides": [
        {
          "start": "2022-07-09T20:34:03.645Z",
          "img": "/img/uploads/img_0464.png",
          "end": "2022-08-20T00:59:13.618Z"
        },
        {
          "start": "2022-07-09T20:35:43.751Z",
          "img": "/img/uploads/img_0557.jpg",
          "end": "2022-08-20T00:59:13.683Z"
        },
        {
          "start": "2022-07-31T02:24:26.256Z",
          "img": "/img/uploads/b94a496d-9f92-4c22-a2e3-33fa2e4171b6-3.jpg",
          "end": "2022-08-20T00:59:13.742Z"
        },
        {
          "start": "2022-07-31T02:25:13.476Z",
          "img": "/img/uploads/img_1047.jpg",
          "end": "2022-08-20T00:59:13.796Z"
        }
      ]
    },
    {
      "type": "o-pedido",
      "markdown": "## The Proposal"
    },
    {
      "type": "custom-html",
      "html": "<div class=\"embed-responsive embed-responsive-16by9\"> <iframe class=\"embed-responsive-item\" src=\"https://youtube.com/embed/Oo5g5nDnETg\"></iframe> </div"
    },
    {
      "type": "os-noivos",
      "markdown": "## The Couple"
    },
    {
      "type": "banners-grid",
      "banners": [
        {
          "img": "/img/uploads/d164aadd-82a7-4a7c-a779-2b85e7282769.jpg",
          "alt": "Igor"
        }
      ]
    },
    {
      "type": "custom-content",
      "markdown": "The happiness of having found each other is immense, a tender love that makes each moment unique. Thank you for being part of our lives and for celebrating our union with us."
    },
    {
      "type": "os-padrinhos",
      "markdown": "## Wedding Party"
    },
    {
      "type": "custom-html",
      "html": "<div class=\"container\" id=\"padr\">\n    <div class=\"banners-grid my-3 my-md-4 my-lg-5\">\n        <div class=\"container\">\n            <div class=\"row\">\n\n                <div class=\"col-12 col-lg-6 mb-3 mb-lg-0\">\n\n\n                    <div class=\"banner\">\n                        <a href=\"javascript:;\" aria-label=\"granola200\" style=\"min-height: 380.005px;\">\n                            <img class=\"img-fluid show\" src=\"/img/uploads/primeiro.jpg\" data-alt=\"granola200\"\n                                data-width=\"1125\" data-height=\"1105\" data-loaded=\"true\">\n\n\n\n                        </a>\n                    </div>\n\n\n                </div>\n\n                <div class=\"col-12 col-lg-6 mb-3 mb-lg-0\">\n\n\n                    <div class=\"banner\">\n                        <a href=\"javascript:;\" aria-label=\"granola200\" style=\"min-height: 380.006px;\">\n                            <img class=\"img-fluid show\" src=\"/img/uploads/segundo.jpg\" data-alt=\"granola200\"\n                                data-width=\"1125\" data-height=\"1098\" data-loaded=\"true\">\n\n\n\n                        </a>\n                    </div>\n\n\n                </div>\n\n            </div>\n        </div>\n    </div>\n\n\n\n\n\n    <div class=\"banners-grid my-3 my-md-4 my-lg-5\">\n        <div class=\"container\">\n            <div class=\"row\">\n\n                <div class=\"col-12 col-lg-6 mb-3 mb-lg-0\">\n\n\n                    <div class=\"banner\">\n                        <a href=\"javascript:;\" aria-label=\"granola200\" style=\"min-height: 380.004px;\">\n                            <img class=\"img-fluid show\" src=\"/img/uploads/IMG_1925.jpg\" data-alt=\"granola200\"\n                                data-width=\"1125\" data-height=\"1120\" data-loaded=\"true\">\n\n\n\n                        </a>\n                    </div>\n\n\n                </div>\n\n                <div class=\"col-12 col-lg-6 mb-3 mb-lg-0\">\n\n\n                    <div class=\"banner\">\n                        <a href=\"javascript:;\" aria-label=\"granola200\" style=\"min-height: 380.004px;\">\n                            <img class=\"img-fluid show\" src=\"/img/uploads/IMG_1926.jpg\" data-alt=\"granola200\"\n                                data-width=\"1125\" data-height=\"1103\" data-loaded=\"true\">\n\n\n\n                        </a>\n                    </div>\n\n\n                </div>\n\n            </div>\n        </div>\n    </div>\n\n\n\n\n\n    <div class=\"banners-grid my-3 my-md-4 my-lg-5\">\n        <div class=\"container\">\n            <div class=\"row\">\n\n                <div class=\"col-12 col-lg-6 mb-3 mb-lg-0\">\n\n\n                    <div class=\"banner\">\n                        <a href=\"javascript:;\" aria-label=\"granola200\" style=\"min-height: 379.992px;\">\n                            <img class=\"img-fluid show\" src=\"/img/uploads/IMG_1927.jpg\" data-alt=\"granola200\"\n                                data-width=\"1125\" data-height=\"1115\" data-loaded=\"true\">\n\n\n\n\n                        </a>\n                    </div>\n\n\n                </div>\n\n                <div class=\"col-12 col-lg-6 mb-3 mb-lg-0\">\n\n\n                    <div class=\"banner\">\n                        <a href=\"javascript:;\" aria-label=\"granola200\" style=\"min-height: 380.004px;\">\n                            <img class=\"img-fluid show\" src=\"/img/uploads/IMG_1928.jpg\" data-alt=\"granola200\"\n                                data-width=\"1125\" data-height=\"1103\" data-loaded=\"true\">\n\n\n\n\n                        </a>\n                    </div>\n\n\n                </div>\n\n            </div>\n        </div>\n    </div>\n\n\n\n\n\n    <div class=\"banners-grid my-3 my-md-4 my-lg-5\">\n        <div class=\"container\">\n            <div class=\"row\">\n\n                <div class=\"col-12 col-lg-6 mb-3 mb-lg-0\">\n\n\n                    <div class=\"banner\">\n                        <a href=\"javascript:;\" aria-label=\"granola200\" style=\"min-height: 379.998px;\">\n                            <img class=\"img-fluid show\" src=\"/img/uploads/IMG_1929.jpg\" data-alt=\"granola200\"\n                                data-width=\"1125\" data-height=\"1090\" data-loaded=\"true\">\n\n                            \n                        </a>\n                    </div>\n\n\n                </div>\n\n                <div class=\"col-12 col-lg-6 mb-3 mb-lg-0\">\n\n\n                    <div class=\"banner\">\n                        <a href=\"javascript:;\" aria-label=\"granola200\" style=\"min-height: 379.995px;\">\n                            <img class=\"img-fluid show\" src=\"/img/uploads/IMG_1932.jpg\" data-alt=\"granola200\"\n                                data-width=\"1125\" data-height=\"1117\" data-loaded=\"true\">\n                        </a>\n                    </div>\n\n\n                </div>\n\n            </div>\n        </div>\n    </div>\n\n\n\n\n\n    <div class=\"banners-grid my-3 my-md-4 my-lg-5\">\n        <div class=\"container\">\n            <div class=\"row\">\n\n                <div class=\"col-12 col-lg-6 mb-3 mb-lg-0\">\n\n\n                    <div class=\"banner\">\n                        <a href=\"javascript:;\" aria-label=\"\" style=\"min-height: 380.003px;\">\n                            <img class=\"img-fluid show\" src=\"/img/uploads/img_1923.jpg\" data-alt=\"\" data-width=\"1125\"\n                                data-height=\"1113\" data-loaded=\"true\">\n\n                            \n                        </a>\n                    </div>\n\n\n                </div>\n\n                <div class=\"col-12 col-lg-6 mb-3 mb-lg-0\">\n\n\n                    <div class=\"banner\">\n                        <a href=\"javascript:;\" aria-label=\"\" style=\"min-height: 379.992px;\">\n                            <img class=\"img-fluid show\" src=\"/img/uploads/img_1924.jpg\" data-alt=\"\" data-width=\"1124\"\n                                data-height=\"1096\" data-loaded=\"true\">\n\n                            \n                        </a>\n                    </div>\n\n\n                </div>\n\n            </div>\n        </div>\n    </div>\n\n\n\n\n\n    <div class=\"banners-grid my-3 my-md-4 my-lg-5\">\n        <div class=\"container\">\n            <div class=\"row\">\n\n                <div class=\"col-12 col-lg-6 mb-3 mb-lg-0\">\n\n\n                    <div class=\"banner\">\n                        <a href=\"javascript:;\" aria-label=\"\" style=\"min-height: 48px;\">\n                            <img class=\"img-fluid\" src=\"/img/uploads/IMG_1934.jpg\" data-alt=\"\" data-width=\"936\"\n                                data-height=\"936\">\n                        </a>\n                    </div>\n\n\n                </div>\n\n                <div class=\"col-12 col-lg-6 mb-3 mb-lg-0\">\n\n\n                    <div class=\"banner\">\n                        <a href=\"javascript:;\" aria-label=\"\" style=\"min-height: 47.36px;\">\n                            <img class=\"img-fluid\" src=\"/img/uploads/IMG_1933.jpg\" data-alt=\"\" data-width=\"1125\"\n                                data-height=\"1110\">\n                        </a>\n                    </div>\n\n\n                </div>\n\n            </div>\n        </div>\n    </div>\n\n\n\n\n\n    <div class=\"banners-grid my-3 my-md-4 my-lg-5\">\n        <div class=\"container\">\n            <div class=\"row\">\n\n                <div class=\"col-12 col-lg-6 mb-3 mb-lg-0\">\n\n\n                    <div class=\"banner\">\n                        <a href=\"javascript:;\" aria-label=\"granola200\" style=\"min-height: 48px;\">\n                            <img class=\"img-fluid\" src=\"/img/uploads/37262b3a-0b4b-4c45-a1ea-d17015b518db.jpg\"\n                                data-alt=\"granola200\" data-width=\"900\" data-height=\"900\">\n\n                        </a>\n                    </div>\n\n\n                </div>\n\n                <div class=\"col-12 col-lg-6 mb-3 mb-lg-0\">\n\n\n                    <div class=\"banner\">\n                        <a href=\"javascript:;\" aria-label=\"granola200\" style=\"min-height: 47.1467px;\">\n                            <img class=\"img-fluid\" src=\"/img/uploads/IMG_1936.jpg\" data-alt=\"granola200\"\n                                data-width=\"1125\" data-height=\"1105\">\n\n                        </a>\n                    </div>\n\n\n                </div>\n\n            </div>\n        </div>\n    </div>\n\n\n\n\n\n    <div class=\"banners-grid my-3 my-md-4 my-lg-5\">\n        <div class=\"container\">\n            <div class=\"row\">\n\n                <div class=\"col-12 col-lg-6 mb-3 mb-lg-0\">\n\n\n                    <div class=\"banner\">\n                        <a href=\"javascript:;\" aria-label=\"granola200\" style=\"min-height: 47.9147px;\">\n                            <img class=\"img-fluid\" src=\"/img/uploads/IMG_1935.jpg\" data-alt=\"granola200\"\n                                data-width=\"1125\" data-height=\"1123\">\n                        </a>\n                    </div>\n\n\n                </div>\n\n                <div class=\"col-12 col-lg-6 mb-3 mb-lg-0\">\n\n\n                    <div class=\"banner\">\n                        <a href=\"javascript:;\" aria-label=\"granola200\" style=\"min-height: 55.5093px;\">\n                            <img class=\"img-fluid\" src=\"/img/uploads/IMG_1930.jpg\" data-alt=\"granola200\"\n                                data-width=\"1125\" data-height=\"1301\">\n                        </a>\n                    </div>\n\n\n                </div>\n\n            </div>\n        </div>\n    </div>\n\n\n\n\n\n    <div class=\"banners-grid my-3 my-md-4 my-lg-5\">\n        <div class=\"container\">\n            <div class=\"row\">\n\n                <div class=\"col-12 col-lg-6 mb-3 mb-lg-0\">\n\n\n                    <div class=\"banner\">\n                        <a href=\"javascript:;\" aria-label=\"\" style=\"min-height: 48px;\">\n                            <img class=\"img-fluid\" src=\"/img/uploads/img_6111.jpg\" data-alt=\"\" data-width=\"1125\"\n                                data-height=\"1125\">\n                        </a>\n                    </div>\n\n\n                </div>\n\n                <div class=\"col-12 col-lg-6 mb-3 mb-lg-0\">\n\n\n                    <div class=\"banner\">\n                        <a href=\"javascript:;\" aria-label=\"\" style=\"min-height: 47.872px;\">\n                            <img class=\"img-fluid\" src=\"/img/uploads/img_6112.jpg\" data-alt=\"\" data-width=\"1125\"\n                                data-height=\"1122\">\n                        </a>\n                    </div>\n\n\n                </div>\n\n            </div>\n        </div>\n    </div>\n\n\n\n\n\n    <div class=\"banners-grid my-3 my-md-4 my-lg-5\">\n        <div class=\"container\">\n            <div class=\"row\">\n\n                <div class=\"col-12 col-lg-6 mb-3 mb-lg-0\">\n\n\n                    <div class=\"banner\">\n                        <a href=\"javascript:;\" aria-label=\"granola200\" style=\"min-height: 59.392px;\">\n                            <img class=\"img-fluid\" src=\"/img/uploads/IMG_1931.jpg\" data-alt=\"granola200\"\n                                data-width=\"1125\" data-height=\"1392\">\n                        </a>\n                    </div>\n\n\n                </div>\n\n                <div class=\"col-12 col-lg-6 mb-3 mb-lg-0\">\n\n\n                    <div class=\"banner\">\n                        <a href=\"javascript:;\" aria-label=\"\" style=\"min-height: 48px;\">\n                            <img class=\"img-fluid\" src=\"/img/uploads/coelho.png\" data-alt=\"\" data-width=\"492\"\n                                data-height=\"492\">\n                        </a>\n                    </div>\n\n\n                </div>\n\n            </div>\n        </div>\n    </div>\n\n\n\n\n\n    <div class=\"banners-grid my-3 my-md-4 my-lg-5\">\n        <div class=\"container\">\n            <div class=\"row\">\n\n                <div class=\"col-12 col-lg-6 mb-3 mb-lg-0\">\n\n\n                    <div class=\"banner\">\n                        <a href=\"javascript:;\" aria-label=\"granola200\" style=\"min-height: 60.3015px;\">\n                            <img class=\"img-fluid\" src=\"/img/uploads/matheus.jpg\" data-alt=\"granola200\" data-width=\"796\"\n                                data-height=\"1000\">\n\n                        </a>\n                    </div>\n\n\n                </div>\n\n                <div class=\"col-12 col-lg-6 mb-3 mb-lg-0\">\n\n\n                    <div class=\"banner\">\n                        <a href=\"javascript:;\" aria-label=\"granola200\" style=\"min-height: 64px;\">\n                            <img class=\"img-fluid\" src=\"/img/uploads/isabela.jpg\" data-alt=\"granola200\" data-width=\"768\"\n                                data-height=\"1024\">\n\n\n                        </a>\n                    </div>\n\n\n                </div>\n\n            </div>\n        </div>\n    </div>\n</div>"
    },
    {
      "type": "o-local",
      "markdown": "## The Venue"
    },
    {
      "type": "custom-html",
      "html": "\n<div id=\"local\" class=\"mapouter\"><div class=\"gmap_canvas\"><iframe width=\"600\" height=\"500\" id=\"gmap_canvas\" src=\"https://maps.google.com/maps?q=Rua%20Dimas%20Bergo%20Xisto,%20396%20-%20S%C3%A3o%20Pedro%20%20Juiz%20de%20Fora%20/%20MG%20CEP%2036.037-510&t=&z=17&ie=UTF8&iwloc=&output=embed\" frameborder=\"0\" scrolling=\"no\" marginheight=\"0\" marginwidth=\"0\"></iframe><a href=\"https://putlocker-is.org\"></a><br><style>.mapouter{position:relative;text-align:right;height:500px;width:600px;}</style><a href=\"https://www.embedgooglemap.net\">add a google map to website</a><style>.gmap_canvas {overflow:hidden;background:none!important;height:500px;width:600px;}</style></div></div>"
    }
  ]
}
